id,seq,DMT_status,length
A0A2NUM_0001,ATGCGCCTCGAGAACTCC,DMT OFF,18
A0A2NUM_0002,ACTTGGGGGAGCGGCGGAGGCCCTCGGAGACGTCGCGGCGGAGGGAGTTCTCGAGGCGCA,DMT OFF,60
A0A2NUM_0003,GCCGCTCCCCCAAGTCCCTCCCCCCCAAGTGGTTCTACGACTCCGTCGGCTCCGACCTCT,DMT OFF,60
A0A2NUM_0004,GGTGCGGGTGGGGTAGTACTCGGGGAGGCGGGTGATCTGGTCGAAGAGGTCGGAGCCGAC,DMT OFF,60
A0A2NUM_0005,CTACCCCACCCGCACCGAGGCCAAGATCCTCGGCGCCCACGCCGCCGACATCGCCGAGGT,DMT OFF,60
A0A2NUM_0006,CGGAGGTGCCGGAGCCGAGCTCGACGAGGGTGTCGGCGCCGGAGACCTCGGCGATGTCGG,DMT OFF,60
A0A2NUM_0007,GCTCCGGCACCTCCGAGAAGACCCGCCTCCTCCTCGACGCCTTCCGCGCCTGCGGCACCC,DMT OFF,60
A0A2NUM_0008,GCGCCGAGGACGGAGGGGTCGACGTCGAAGGGGATGAAGCGGTGGAGGGTGCCGCAGGCG,DMT OFF,60
A0A2NUM_0009,CTCCGTCCTCGGCGCCGCCGCCGCCGCCCTCCACACCGAGTACCCCGACCTCGACATCGA,DMT OFF,60
A0A2NUM_0010,GGGGATGGTGGGGAGGTCCTGCTCGAAGTCGCCGCAGACGGTGTCGATGTCGAGGTCGGG,DMT OFF,60
A0A2NUM_0011,CCTCCCCACCATCCCCAAGATCGGCCGCCGCATGGTCGTCTTCCTCGGCTCCACCATCGG,DMT OFF,60
A0A2NUM_0012,GACGGCGGCGAGGAAGTCGGCGCGGGGGCCGGCGGTGAGGTTGCCGATGGTGGAGCCGAG,DMT OFF,60
A0A2NUM_0013,TTCCTCGCCGCCGTCGCCGACGCCATGCAGCCCGGCGACTCCCTCCTCCTCGGCACCGAC,DMT OFF,60
A0A2NUM_0014,GCGTCGTCGTAGGCGCGGACGAGGCGGTCGACGTCCTTGACGAGGTCGGTGCCGAGGAGG,DMT OFF,60
A0A2NUM_0015,GCGCCTACGACGACGCCGCCGGCGTCACCGCCGCCTTCAACCGCAACGTCCTCGCCGTCG,DMT OFF,60
A0A2NUM_0016,GGCGAAGGCGGAGGGGTCGAAGTCGGCGCCGAGCTCGCGGTTGACGACGGCGAGGACGTT,DMT OFF,60
A0A2NUM_0017,CCCTCCGCCTTCGCCCACATCGCCAAGTGGAACGACACCGAGGAGCGCATCGAGATGTGG,DMT OFF,60
A0A2NUM_0018,GAGCTCGGAGACGTGGACGCGCTGGGCGAGGGTGGAGCGGAGCCACATCTCGATGCGCTC,DMT OFF,60
A0A2NUM_0019,TCCACGTCTCCGAGCTCGACCTCACCGTCGACTTCGAGGCCGGCGAGGAGATGCTCACCG,DMT OFF,60
A0A2NUM_0020,GCTCGTCGGCGATGCCGGCGGGGCGGAACTTGCAGGAGACCTCGGTGAGCATCTCCTCGC,DMT OFF,60
A0A2NUM_0021,GCATCGCCGACGAGCTCGCCGCCGCCGGCCTCACCCGCACCCACTGGTGGACCGACCCCG,DMT OFF,60
A0A2NUM_0022,CTAGACGGCGAGGGAGACGCCGAAGTCGCCGGCGGGGTCGGTCCACC,DMT OFF,47
A0A542NUM7esYMW_0001,ATGACCACCCGCCTCG,DMT OFF,16
A0A542NUM7esYMW_0002,GGAGCGGCGGAGGCCCTCGGAGACGTCGCGGCGGAGGGAGTTCTCGAGGCGGGTGGTCAT,DMT OFF,60
A0A542NUM7esYMW_0003,GCCTCCGCCGCTCCCCCAAGTCCCTCCCCCCCAAGTGGTTCTACGACTCCGTCGGCTCCG,DMT OFF,60
A0A542NUM7esYMW_0004,GGTGGGGTAGTACTCGGGGAGGCGGGTGATCTGGTCGAAGAGGTCGGAGCCGACGGAGTC,DMT OFF,60
A0A542NUM7esYMW_0005,CCCGAGTACTACCCCACCCGCACCGAGGCCAAGATCCTCGGCGCCCACGCCGCCGACATC,DMT OFF,60
A0A542NUM7esYMW_0006,GCCGGAGCCGAGCTCGACGAGGGTGTCGGCGCCGGAGACCTCGGCGATGTCGGCGGCGTG,DMT OFF,60
A0A542NUM7esYMW_0007,GAGCTCGGCTCCGGCACCTCCGAGAAGACCCGCCTCCTCCTCGACGCCTTCCGCGCCTGC,DMT OFF,60
A0A542NUM7esYMW_0008,GACGGAGGGGTCGACGTCGAAGGGGATGAAGCGGTGGAGGGTGCCGCAGGCGCGGAAGGC,DMT OFF,60
A0A542NUM7esYMW_0009,CGTCGACCCCTCCGTCCTCGGCGCCGCCGCCGCCGCCCTCCACACCGAGTACCCCGACCT,DMT OFF,60
A0A542NUM7esYMW_0010,GGGGAGGTCCTGCTCGAAGTCGCCGCAGACGGTGTCGATGTCGAGGTCGGGGTACTCGGT,DMT OFF,60
A0A542NUM7esYMW_0011,CGAGCAGGACCTCCCCACCATCCCCAAGATCGGCCGCCGCATGGTCGTCTTCCTCGGCTC,DMT OFF,60
A0A542NUM7esYMW_0012,AGGAAGTCGGCGCGGGGGCCGGCGGTGAGGTTGCCGATGGTGGAGCCGAGGAAGACGACC,DMT OFF,60
A0A542NUM7esYMW_0013,CCGCGCCGACTTCCTCGCCGCCGTCGCCGACGCCATGCAGCCCGGCGACTCCCTCCTCCT,DMT OFF,60
A0A542NUM7esYMW_0014,AGGCGCGGACGAGGCGGTCGACGTCCTTGACGAGGTCGGTGCCGAGGAGGAGGGAGTCGC,DMT OFF,60
A0A542NUM7esYMW_0015,CCTCGTCCGCGCCTACGACGACGCCGCCGGCGTCACCGCCGCCTTCAACCGCAACGTCCT,DMT OFF,60
A0A542NUM7esYMW_0016,GAGGGGTCGAAGTCGGCGCCGAGCTCGCGGTTGACGACGGCGAGGACGTTGCGGTTGAAG,DMT OFF,60
A0A542NUM7esYMW_0017,GCCGACTTCGACCCCTCCGCCTTCGCCCACATCGCCAAGTGGAACGACACCGAGGAGCGC,DMT OFF,60
A0A542NUM7esYMW_0018,ACGTGGACGCGCTGGGCGAGGGTGGAGCGGAGCCACATCTCGATGCGCTCCTCGGTGTCG,DMT OFF,60
A0A542NUM7esYMW_0019,CCAGCGCGTCCACGTCTCCGAGCTCGACCTCACCGTCGACTTCGAGGCCGGCGAGGAGAT,DMT OFF,60
A0A542NUM7esYMW_0020,CGGCGATGCCGGCGGGGCGGAACTTGCAGGAGACCTCGGTGAGCATCTCCTCGCCGGCCT,DMT OFF,60
A0A542NUM7esYMW_0021,CGCCGGCATCGCCGACGAGCTCGCCGCCGCCGGCCTCACCCGCACCCACTGGTGGACCGA,DMT OFF,60
A0A542NUM7esYMW_0022,CTACTTGACGGCGAGGGAGACGCCGAAGTCGCCGGCGGGGTCGGTCCACCAGTGGG,DMT OFF,56
